Action ID,Name,Display name,Set,Loadout,Duration (seconds),Loop,Root motion
0,A000_Idle,Idle,shared,empty-hands,4.033333333333333,not certified; imported as one-shot,authored Hips translation preserved; no in-place conversion
11,A011_Idle_1,Idle 1,shared,empty-hands,2.3666666666666667,not certified; imported as one-shot,authored Hips translation preserved; no in-place conversion
12,A012_Idle_2,Idle 2,shared,empty-hands,5.366666666666666,not certified; imported as one-shot,authored Hips translation preserved; no in-place conversion
2,A002_Alert,Alert,shared,empty-hands,4.033333333333333,not certified; imported as one-shot,authored Hips translation preserved; no in-place conversion
3,A003_Arise,Arise,shared,empty-hands,1.8666666666666667,not certified; imported as one-shot,authored Hips translation preserved; no in-place conversion
333,A333_Look_Around_Dumbfounded,Look Around Dumbfounded,shared,empty-hands,6.4,not certified; imported as one-shot,authored Hips translation preserved; no in-place conversion
336,A336_Long_Breathe_and_Look_Around,Long Breathe and Look Around,shared,empty-hands,11.3,not certified; imported as one-shot,authored Hips translation preserved; no in-place conversion
338,A338_Short_Breathe_and_Look_Around,Short Breathe and Look Around,shared,empty-hands,7.9,not certified; imported as one-shot,authored Hips translation preserved; no in-place conversion
-2,A-02_Walking,Walking,shared,empty-hands,1.0666666666666667,not certified; imported as one-shot,authored Hips translation preserved; no in-place conversion
-1,A-01_Running,Running,shared,empty-hands,0.6666666666666666,not certified; imported as one-shot,authored Hips translation preserved; no in-place conversion
679,A679_Walk_Backward,Walk Backward,shared,empty-hands,0.9333333333333333,not certified; imported as one-shot,authored Hips translation preserved; no in-place conversion
576,A576_Idle_Turn_Left,Idle Turn Left,shared,empty-hands,0.9666666666666667,not certified; imported as one-shot,authored Hips translation preserved; no in-place conversion
586,A586_Idle_Turn_Right,Idle Turn Right,shared,empty-hands,1.1333333333333333,not certified; imported as one-shot,authored Hips translation preserved; no in-place conversion
571,A571_Run_Turn_Left,Run Turn Left,shared,empty-hands,1.6333333333333333,not certified; imported as one-shot,authored Hips translation preserved; no in-place conversion
582,A582_Run_Turn_Right,Run Turn Right,shared,empty-hands,1.6333333333333333,not certified; imported as one-shot,authored Hips translation preserved; no in-place conversion
572,A572_Walk_Turn_Left,Walk Turn Left,shared,empty-hands,2.066666666666667,not certified; imported as one-shot,authored Hips translation preserved; no in-place conversion
583,A583_Walk_Turn_Right,Walk Turn Right,shared,empty-hands,2.2333333333333334,not certified; imported as one-shot,authored Hips translation preserved; no in-place conversion
116,A116_Run_to_Walk_Transition,Run to Walk Transition,shared,empty-hands,2.3,not certified; imported as one-shot,authored Hips translation preserved; no in-place conversion
531,A531_Sprint_and_Sudden_Stop,Sprint and Sudden Stop,shared,empty-hands,2.066666666666667,not certified; imported as one-shot,authored Hips translation preserved; no in-place conversion
5,A005_BackLeft_Run,BackLeft Run,shared,empty-hands,0.8333333333333334,not certified; imported as one-shot,authored Hips translation preserved; no in-place conversion
607,A607_BackRight_Run,BackRight Run,shared,empty-hands,0.6333333333333333,not certified; imported as one-shot,authored Hips translation preserved; no in-place conversion
630,A630_ForwardLeft_Run_Fight,ForwardLeft Run Fight,shared,empty-hands,0.6333333333333333,not certified; imported as one-shot,authored Hips translation preserved; no in-place conversion
631,A631_ForwardRight_Run_Fight,ForwardRight Run Fight,shared,empty-hands,0.6333333333333333,not certified; imported as one-shot,authored Hips translation preserved; no in-place conversion
692,A692_Walking_2,Walking 2,shared,empty-hands,1.2333333333333334,not certified; imported as one-shot,authored Hips translation preserved; no in-place conversion
171,A171_Hit_Reaction_to_Waist,Hit Reaction to Waist,shared,empty-hands,1.6666666666666667,not certified; imported as one-shot,authored Hips translation preserved; no in-place conversion
174,A174_Face_Punch_Reaction,Face Punch Reaction,shared,empty-hands,2.8666666666666667,not certified; imported as one-shot,authored Hips translation preserved; no in-place conversion
175,A175_Face_Punch_Reaction_1,Face Punch Reaction 1,shared,empty-hands,4.533333333333333,not certified; imported as one-shot,authored Hips translation preserved; no in-place conversion
178,A178_Hit_Reaction,Hit Reaction,shared,empty-hands,1.6666666666666667,not certified; imported as one-shot,authored Hips translation preserved; no in-place conversion
179,A179_Hit_Reaction_1,Hit Reaction 1,shared,empty-hands,1.2666666666666666,not certified; imported as one-shot,authored Hips translation preserved; no in-place conversion
7,A007_BeHit_FlyUp,BeHit FlyUp,shared,empty-hands,1.5333333333333334,not certified; imported as one-shot,authored Hips translation preserved; no in-place conversion
8,A008_Dead,Dead,shared,empty-hands,3,not certified; imported as one-shot,authored Hips translation preserved; no in-place conversion
187,A187_Knock_Down,Knock Down,shared,empty-hands,2.533333333333333,not certified; imported as one-shot,authored Hips translation preserved; no in-place conversion
189,A189_Dying_Backwards,Dying Backwards,shared,empty-hands,2.2666666666666666,not certified; imported as one-shot,authored Hips translation preserved; no in-place conversion
190,A190_Knock_Down_1,Knock Down 1,shared,empty-hands,3.3,not certified; imported as one-shot,authored Hips translation preserved; no in-place conversion
156,A156_Stand_Dodge,Stand Dodge,shared,empty-hands,1.4666666666666666,not certified; imported as one-shot,authored Hips translation preserved; no in-place conversion
157,A157_Stand_Dodge_1,Stand Dodge 1,shared,empty-hands,1.3,not certified; imported as one-shot,authored Hips translation preserved; no in-place conversion
158,A158_Roll_Dodge,Roll Dodge,shared,empty-hands,1.8666666666666667,not certified; imported as one-shot,authored Hips translation preserved; no in-place conversion
159,A159_Roll_Dodge_1,Roll Dodge 1,shared,empty-hands,1.3,not certified; imported as one-shot,authored Hips translation preserved; no in-place conversion
344,A344_Stand_Up_1,Stand Up 1,shared,empty-hands,8.3,not certified; imported as one-shot,authored Hips translation preserved; no in-place conversion
345,A345_Stand_Up_2,Stand Up 2,shared,empty-hands,3.1333333333333333,not certified; imported as one-shot,authored Hips translation preserved; no in-place conversion
346,A346_Stand_Up_3,Stand Up 3,shared,empty-hands,6.1,not certified; imported as one-shot,authored Hips translation preserved; no in-place conversion
347,A347_Stand_Up_4,Stand Up 4,shared,empty-hands,1.7,not certified; imported as one-shot,authored Hips translation preserved; no in-place conversion
466,A466_Regular_Jump,Regular Jump,shared,empty-hands,1.9333333333333333,not certified; imported as one-shot,authored Hips translation preserved; no in-place conversion
468,A468_Back_Jump,Back Jump,shared,empty-hands,0.9666666666666667,not certified; imported as one-shot,authored Hips translation preserved; no in-place conversion
441,A441_Climb_Stairs,Climb Stairs,shared,empty-hands,2.966666666666667,not certified; imported as one-shot,authored Hips translation preserved; no in-place conversion
470,A470_Jumping_Down,Jumping Down,shared,empty-hands,3.3,not certified; imported as one-shot,authored Hips translation preserved; no in-place conversion
31,A031_Catching_Breath,Catching Breath,shared,empty-hands,7.033333333333333,not certified; imported as one-shot,authored Hips translation preserved; no in-place conversion
391,A391_Head_Hold_in_Pain,Head Hold in Pain,shared,empty-hands,3.7666666666666666,not certified; imported as one-shot,authored Hips translation preserved; no in-place conversion
59,A059_Victory_Cheer,Victory Cheer,shared,empty-hands,9.366666666666667,not certified; imported as one-shot,authored Hips translation preserved; no in-place conversion
51,A051_Shouting_Angrily,Shouting Angrily,shared,empty-hands,7.2,not certified; imported as one-shot,authored Hips translation preserved; no in-place conversion
219,A219_Right_hand_Sword_Slash,Right-hand Sword Slash,specialized,sword-only,1.5333333333333334,not certified; imported as one-shot,authored Hips translation preserved; no in-place conversion
97,A097_Left_Slash,Left Slash,specialized,sword-and-shield,3.2,not certified; imported as one-shot,authored Hips translation preserved; no in-place conversion
242,A242_Charged_Slash,Charged Slash,specialized,sword-only,2.2666666666666666,not certified; imported as one-shot,authored Hips translation preserved; no in-place conversion
92,A092_Double_Combo_Attack,Double Combo Attack,specialized,sword-and-shield,2.8666666666666667,not certified; imported as one-shot,authored Hips translation preserved; no in-place conversion
240,A240_Thrust_Slash,Thrust Slash,specialized,sword-only,3.033333333333333,not certified; imported as one-shot,authored Hips translation preserved; no in-place conversion
105,A105_Triple_Combo_Attack,Triple Combo Attack,specialized,sword-and-shield,4.366666666666666,not certified; imported as one-shot,authored Hips translation preserved; no in-place conversion
221,A221_Charged_Upward_Slash,Charged Upward Slash,specialized,sword-only,3.2333333333333334,not certified; imported as one-shot,authored Hips translation preserved; no in-place conversion
220,A220_Shield_Push_Left,Shield Push Left,specialized,sword-and-shield,2.433333333333333,not certified; imported as one-shot,authored Hips translation preserved; no in-place conversion
199,A199_Weapon_Combo,Weapon Combo,specialized,sword-only,3.7,not certified; imported as one-shot,authored Hips translation preserved; no in-place conversion
202,A202_Weapon_Combo_1,Weapon Combo 1,specialized,sword-only,3.566666666666667,not certified; imported as one-shot,authored Hips translation preserved; no in-place conversion
138,A138_Block1,Block1,specialized,empty-hands,3.5,not certified; imported as one-shot,authored Hips translation preserved; no in-place conversion
139,A139_Block2,Block2,specialized,empty-hands,1.6333333333333333,not certified; imported as one-shot,authored Hips translation preserved; no in-place conversion
140,A140_Block3,Block3,specialized,empty-hands,1.5333333333333334,not certified; imported as one-shot,authored Hips translation preserved; no in-place conversion
141,A141_Block4,Block4,specialized,empty-hands,1.5666666666666667,not certified; imported as one-shot,authored Hips translation preserved; no in-place conversion
142,A142_Block5,Block5,specialized,empty-hands,2.566666666666667,not certified; imported as one-shot,authored Hips translation preserved; no in-place conversion
143,A143_Block6,Block6,specialized,empty-hands,1.7333333333333334,not certified; imported as one-shot,authored Hips translation preserved; no in-place conversion
144,A144_Block8,Block8,specialized,empty-hands,1.6666666666666667,not certified; imported as one-shot,authored Hips translation preserved; no in-place conversion
145,A145_Block9,Block9,specialized,empty-hands,2.8333333333333335,not certified; imported as one-shot,authored Hips translation preserved; no in-place conversion
146,A146_Block10,Block10,specialized,empty-hands,0.6,not certified; imported as one-shot,authored Hips translation preserved; no in-place conversion
147,A147_Sword_Parry,Sword Parry,specialized,sword-only,1.9,not certified; imported as one-shot,authored Hips translation preserved; no in-place conversion
548,A548_Walk_Backward_with_Sword_Shield,Walk Backward with Sword & Shield,specialized,sword-and-shield,1.3,not certified; imported as one-shot,authored Hips translation preserved; no in-place conversion
580,A580_Sword_and_Shield_Alert_Turn_Left,Sword and Shield Alert Turn Left,specialized,sword-and-shield,1.3666666666666667,not certified; imported as one-shot,authored Hips translation preserved; no in-place conversion
590,A590_Sword_and_Shield_Alert_Turn_Right,Sword and Shield Alert Turn Right,specialized,sword-and-shield,3.4,not certified; imported as one-shot,authored Hips translation preserved; no in-place conversion
575,A575_Combat_Idle_Turn_Left,Combat Idle Turn Left,specialized,empty-hands,1.3,not certified; imported as one-shot,authored Hips translation preserved; no in-place conversion
589,A589_Alert_Quick_Turn_Right,Alert Quick Turn Right,specialized,empty-hands,2.8333333333333335,not certified; imported as one-shot,authored Hips translation preserved; no in-place conversion
20,A020_Walk_Fight_Back,Walk Fight Back,specialized,sword-and-shield,1.7666666666666666,not certified; imported as one-shot,authored Hips translation preserved; no in-place conversion
21,A021_Walk_Fight_Forward,Walk Fight Forward,specialized,sword-and-shield,1.7666666666666666,not certified; imported as one-shot,authored Hips translation preserved; no in-place conversion
617,A617_Cautious_Crouch_Walk_Left,Cautious Crouch Walk Left,specialized,empty-hands,1.2,not certified; imported as one-shot,authored Hips translation preserved; no in-place conversion
618,A618_Cautious_Crouch_Walk_Right,Cautious Crouch Walk Right,specialized,empty-hands,1.3,not certified; imported as one-shot,authored Hips translation preserved; no in-place conversion
673,A673_Standard_Forward_Charge,Standard Forward Charge,specialized,sword-only,0.6666666666666666,not certified; imported as one-shot,authored Hips translation preserved; no in-place conversion
148,A148_Sword_Parry_Backward,Sword Parry Backward,specialized,sword-only,1.4,not certified; imported as one-shot,authored Hips translation preserved; no in-place conversion
151,A151_Sword_Parry_Backward_1,Sword Parry Backward 1,specialized,sword-only,1.4333333333333333,not certified; imported as one-shot,authored Hips translation preserved; no in-place conversion
152,A152_Sword_Parry_Backward_2,Sword Parry Backward 2,specialized,sword-only,0.6,not certified; imported as one-shot,authored Hips translation preserved; no in-place conversion
153,A153_Sword_Parry_Backward_3,Sword Parry Backward 3,specialized,sword-only,0.8666666666666667,not certified; imported as one-shot,authored Hips translation preserved; no in-place conversion
154,A154_Sword_Parry_Backward_4,Sword Parry Backward 4,specialized,sword-only,0.8,not certified; imported as one-shot,authored Hips translation preserved; no in-place conversion
155,A155_Sword_Parry_Backward_5,Sword Parry Backward 5,specialized,sword-only,3.033333333333333,not certified; imported as one-shot,authored Hips translation preserved; no in-place conversion
365,A365_Kneel_on_One_Knee_and_Stand,Kneel on One Knee and Stand,specialized,empty-hands,2.6,not certified; imported as one-shot,authored Hips translation preserved; no in-place conversion
411,A411_Neck_Slashing_Gesture,Neck Slashing Gesture,specialized,empty-hands,4.266666666666667,not certified; imported as one-shot,authored Hips translation preserved; no in-place conversion
412,A412_Victory,Victory,specialized,empty-hands,8.6,not certified; imported as one-shot,authored Hips translation preserved; no in-place conversion
88,A088_Chest_Pound_Taunt,Chest Pound Taunt,specialized,sword-and-shield,4.866666666666666,not certified; imported as one-shot,authored Hips translation preserved; no in-place conversion
206,A206_Spartan_Kick,Spartan Kick,specialized,empty-hands,1.4666666666666666,not certified; imported as one-shot,authored Hips translation preserved; no in-place conversion
334,A334_Lower_Weapon_Look_Raise,"Lower Weapon, Look, Raise",specialized,empty-hands,5.233333333333333,not certified; imported as one-shot,authored Hips translation preserved; no in-place conversion
574,A574_Walk_Turn_Left_with_Weapon,Walk Turn Left with Weapon,specialized,empty-hands,2.2666666666666666,not certified; imported as one-shot,authored Hips translation preserved; no in-place conversion
588,A588_Frustrated_Turn_Right,Frustrated Turn Right,specialized,empty-hands,1.2666666666666666,not certified; imported as one-shot,authored Hips translation preserved; no in-place conversion
172,A172_Electrocution_Reaction,Electrocution Reaction,specialized,empty-hands,4.7,not certified; imported as one-shot,authored Hips translation preserved; no in-place conversion
176,A176_Face_Punch_Reaction_2,Face Punch Reaction 2,specialized,empty-hands,5.633333333333334,not certified; imported as one-shot,authored Hips translation preserved; no in-place conversion
181,A181_Electrocuted_Fall,Electrocuted Fall,specialized,empty-hands,6.366666666666666,not certified; imported as one-shot,authored Hips translation preserved; no in-place conversion
182,A182_Shot_and_Blown_Back,Shot and Blown Back,specialized,empty-hands,2.7,not certified; imported as one-shot,authored Hips translation preserved; no in-place conversion
183,A183_Shot_and_Fall_Backward,Shot and Fall Backward,specialized,empty-hands,3.533333333333333,not certified; imported as one-shot,authored Hips translation preserved; no in-place conversion
184,A184_Shot_and_Fall_Forward,Shot and Fall Forward,specialized,empty-hands,2.2333333333333334,not certified; imported as one-shot,authored Hips translation preserved; no in-place conversion
185,A185_Shot_and_Slow_Fall_Backward,Shot and Slow Fall Backward,specialized,empty-hands,4.466666666666667,not certified; imported as one-shot,authored Hips translation preserved; no in-place conversion
188,A188_Fall_Dead_from_Abdominal_Injury,Fall Dead from Abdominal Injury,specialized,empty-hands,3.533333333333333,not certified; imported as one-shot,authored Hips translation preserved; no in-place conversion
348,A348_Stand_Up_5,Stand Up 5,specialized,empty-hands,11.433333333333334,not certified; imported as one-shot,authored Hips translation preserved; no in-place conversion
349,A349_Stand_Up_6,Stand Up 6,specialized,empty-hands,6.7,not certified; imported as one-shot,authored Hips translation preserved; no in-place conversion
350,A350_Stand_Up_7,Stand Up 7,specialized,empty-hands,2.7666666666666666,not certified; imported as one-shot,authored Hips translation preserved; no in-place conversion
351,A351_Stand_Up_8,Stand Up 8,specialized,empty-hands,2.3666666666666667,not certified; imported as one-shot,authored Hips translation preserved; no in-place conversion
352,A352_Stand_Up_9,Stand Up 9,specialized,empty-hands,2.466666666666667,not certified; imported as one-shot,authored Hips translation preserved; no in-place conversion
353,A353_Stand_Up_10,Stand Up 10,specialized,empty-hands,7.7,not certified; imported as one-shot,authored Hips translation preserved; no in-place conversion
637,A637_Injured_Walk,Injured Walk,specialized,empty-hands,8.7,not certified; imported as one-shot,authored Hips translation preserved; no in-place conversion
638,A638_Injured_Walk_Backward,Injured Walk Backward,specialized,empty-hands,1.6666666666666667,not certified; imported as one-shot,authored Hips translation preserved; no in-place conversion
